Source File	Size	loadResources	load	generateSnapshots	load-configure	scan	loadDepInfo	loadInfo	checkR4R4B	generateNarratives	validate	loadLists	checkConformanceResources	checkConformanceResources2	checkConformanceResources3	generateLogicalMaps	validateExpressions	scanForUsageStats	checkURLsUnique	processProvenanceDetails	translate	generate1	generate2	generateLogicals	makeDependencies	generateExampleZip	generateValidationPack	scanProfilesForR5	scanExamplesForR5
/fsh-generated/resources/ImplementationGuide-fhir.ph.ereferral.json	25654	-	0	0	0	0	0	0	10	44	0	0	0	0	0	0	0	0	0	0	0	145	232	0	0	0	6	0	2
fsh-generated/resources/Bundle-ExampleERefSubmissionBundle.json	34780	10	69	0	1	0	0	0	5	766	0	0	0	0	0	0	0	1	0	0	0	76	222	0	0	0	0	0	0
fsh-generated/resources/CodeSystem-PHCW.json	448	1	0	0	0	0	0	0	0	5	0	0	1	0	0	0	0	0	0	0	0	14	85	0	0	0	1	0	0
fsh-generated/resources/CodeSystem-PSOC.json	1634	1	0	0	0	0	0	0	0	3	0	0	0	0	0	0	0	0	0	0	0	13	68	0	0	0	1	0	0
fsh-generated/resources/CodeSystem-ereferral-workflow.json	1847	1	0	0	1	0	0	0	0	2	0	0	0	0	0	0	0	0	0	0	0	80	53	0	0	0	0	0	0
fsh-generated/resources/CodeSystem-pwd-disability-type-cs.json	2029	1	0	0	0	0	0	0	1	3	0	0	0	0	0	0	0	0	0	0	0	12	52	0	0	0	1	0	0
fsh-generated/resources/Condition-ExampleERefCondition.json	1301	1	0	0	0	0	0	0	0	1	0	0	0	0	0	0	0	0	0	0	0	11	57	0	0	0	0	0	0
fsh-generated/resources/Condition-ExampleERefConditionChiefComplaint.json	1189	0	0	0	0	0	0	0	0	2	0	0	0	0	0	0	0	0	0	0	0	8	10	0	0	0	0	0	0
fsh-generated/resources/DiagnosticReport-ExampleERefDiagnosticReport.json	629	1	0	0	0	0	0	0	0	0	0	0	0	0	0	0	0	0	0	0	0	7	11	0	0	0	0	0	0
fsh-generated/resources/DiagnosticReport-ExampleERefDiagnosticReportPDF.json	852	1	0	0	0	0	0	0	0	1	0	0	0	0	0	0	0	0	0	0	0	7	19	0	0	0	0	0	0
fsh-generated/resources/Encounter-ExampleERefSubmissionEncounter.json	435	0	0	0	0	0	0	0	0	1	0	0	0	0	0	0	0	0	0	0	0	7	8	0	0	0	0	0	0
fsh-generated/resources/Immunization-ExampleERefImmunizationRoutine.json	3124	2	0	0	0	0	0	0	1	64	0	0	0	0	0	0	0	0	0	0	0	11	29	0	0	0	0	0	0
fsh-generated/resources/Medication-ExampleERefMedicationAntibiotic.json	425	0	0	0	0	0	0	0	0	1	0	0	0	0	0	0	0	0	0	0	0	6	9	0	0	0	0	0	0
fsh-generated/resources/Medication-ExampleERefMedicationTwinact.json	452	1	0	0	0	0	0	0	0	1	0	0	0	0	0	0	0	0	0	0	0	8	5	0	0	0	0	0	0
fsh-generated/resources/MedicationAdministration-ExampleERefMedicationAdministrationAntibiotic.json	1515	1	0	0	0	0	0	0	0	61	0	0	0	0	0	0	0	0	0	0	0	8	21	0	0	0	0	0	0
fsh-generated/resources/MedicationAdministration-ExampleERefMedicationAdministrationChronic.json	1262	0	0	0	0	0	0	0	0	58	0	0	0	0	0	0	0	0	0	0	0	7	13	0	0	0	0	0	0
fsh-generated/resources/Observation-ExampleERefObservationBP.json	2042	1	0	0	0	0	0	0	1	3	0	0	0	0	0	0	0	0	0	0	0	6	16	0	0	0	0	0	0
fsh-generated/resources/Observation-ExampleERefObservationHR.json	1073	1	0	0	0	0	0	0	0	1	0	0	0	0	0	0	0	0	0	0	0	7	12	0	0	0	0	0	0
fsh-generated/resources/Observation-ExampleERefObservationRR.json	1086	1	0	0	0	0	0	0	0	1	0	0	0	0	0	0	0	0	0	0	0	6	11	0	0	0	0	0	0
fsh-generated/resources/Observation-ExampleERefObservationSpO2.json	1109	0	0	0	0	0	0	0	0	1	0	0	0	0	0	0	0	0	0	0	0	5	11	0	0	0	0	0	0
fsh-generated/resources/Observation-ExampleERefObservationTemp.json	1083	1	0	0	0	0	0	0	0	2	0	0	0	0	0	0	0	0	0	0	0	5	10	0	0	0	0	0	0
fsh-generated/resources/Observation-ExampleERefObservationWeight.json	1067	1	0	0	0	0	0	0	0	1	0	0	0	0	0	0	0	0	0	0	0	6	13	0	0	0	0	0	0
fsh-generated/resources/Organization-ExampleERefOrganizationDRSTMH.json	1899	1	0	0	0	0	0	0	1	1	0	0	0	0	0	0	0	0	0	0	0	6	7	0	0	0	0	0	0
fsh-generated/resources/Organization-ExampleERefOrganizationKaliboHC.json	1879	1	0	0	0	0	0	0	0	1	0	0	0	0	0	0	0	0	0	0	0	6	6	0	0	0	0	0	0
fsh-generated/resources/Patient-ExampleERefPatient.json	2474	1	0	0	0	0	0	0	0	1	0	0	0	0	0	0	0	0	0	0	0	7	8	0	0	0	0	0	0
fsh-generated/resources/Practitioner-ExampleERefPractitionerReceiving.json	460	0	0	0	0	0	0	0	0	0	0	0	0	0	0	0	0	0	0	0	0	4	5	0	0	0	0	0	0
fsh-generated/resources/Practitioner-ExampleERefPractitionerSubmission.json	467	1	0	0	0	0	0	0	0	0	0	0	0	0	0	0	0	0	0	0	0	6	7	0	0	0	0	0	0
fsh-generated/resources/PractitionerRole-ExampleERefPractitionerRoleReceiving.json	691	0	0	0	0	0	0	0	1	1	0	0	0	0	0	0	0	0	0	0	0	5	9	0	0	0	0	0	0
fsh-generated/resources/PractitionerRole-ExampleERefPractitionerRoleSubmission.json	692	1	0	0	0	0	0	0	0	1	0	0	0	0	0	0	0	0	0	0	0	4	9	0	0	0	0	0	0
fsh-generated/resources/Procedure-ExampleERefProcedureTreatment.json	702	1	0	0	0	0	0	0	0	1	0	0	0	0	0	0	0	0	0	0	0	7	8	0	0	0	0	0	0
fsh-generated/resources/Provenance-ExampleERefProvenanceSubmission.json	1382	0	0	0	0	0	0	0	0	1	0	0	0	0	0	0	0	0	0	0	0	6	14	0	0	0	0	0	0
fsh-generated/resources/RelatedPerson-ExampleERefRelatedPersonAccompanying.json	935	1	0	0	0	0	0	0	0	2	0	0	0	0	0	0	0	0	0	0	0	6	14	0	0	0	0	0	0
fsh-generated/resources/RelatedPerson-ExampleERefRelatedPersonNextOfKin.json	929	1	0	0	0	0	0	0	0	1	0	0	0	0	0	0	0	0	0	0	0	7	13	0	0	0	0	0	1
fsh-generated/resources/ServiceRequest-ExampleERefServiceRequest.json	1707	1	0	0	0	0	0	0	0	2	0	0	0	0	0	0	0	0	0	0	0	9	14	0	0	0	0	0	0
fsh-generated/resources/StructureDefinition-ereferral-condition.json	6507	1	0	47	0	0	0	0	1	144	0	0	0	0	0	0	0	1	0	0	0	142	1272	0	0	0	10	0	2
fsh-generated/resources/StructureDefinition-ereferral-diagnostic-report.json	7274	2	0	26	0	0	0	0	0	27	0	0	0	0	0	0	0	1	0	0	0	86	334	0	0	0	7	0	0
fsh-generated/resources/StructureDefinition-ereferral-encounter.json	1898	0	0	61	0	0	0	0	0	22	0	0	0	0	0	0	0	1	0	0	0	269	818	0	0	0	12	0	3
fsh-generated/resources/StructureDefinition-ereferral-immunization.json	9615	2	0	67	0	0	0	0	0	37	0	0	1	0	0	0	0	1	0	0	0	338	801	0	0	0	15	1	4
fsh-generated/resources/StructureDefinition-ereferral-medication-administration.json	8272	2	0	44	0	0	0	0	0	34	0	0	0	0	0	0	0	1	0	0	0	153	596	0	0	0	9	0	1
fsh-generated/resources/StructureDefinition-ereferral-observation.json	6785	1	0	53	0	0	0	0	0	50	0	0	0	0	0	0	0	1	0	0	0	199	754	0	0	0	11	0	3
fsh-generated/resources/StructureDefinition-ereferral-patient.json	21680	4	0	59	0	0	0	0	0	51	0	0	0	0	0	0	0	0	0	0	0	171	538	0	0	0	10	0	1
fsh-generated/resources/StructureDefinition-ereferral-practitioner-role.json	6566	1	0	21	0	0	0	0	0	17	0	0	0	0	0	0	0	1	0	0	0	106	223	0	0	0	5	0	1
fsh-generated/resources/StructureDefinition-ereferral-procedure.json	7350	1	0	38	0	0	0	0	0	30	0	0	0	0	0	0	0	1	0	0	0	175	550	0	0	0	9	0	2
fsh-generated/resources/StructureDefinition-ereferral-provenance.json	5412	2	0	39	0	0	0	0	0	46	0	0	0	0	0	0	0	0	0	0	0	137	525	0	0	0	8	1	1
fsh-generated/resources/StructureDefinition-ereferral-pwd-disability.json	4152	1	0	10	0	0	0	0	0	37	0	0	0	0	0	0	0	0	0	0	0	54	138	0	0	0	3	0	0
fsh-generated/resources/StructureDefinition-ereferral-related-person.json	11038	2	0	121	1	0	0	0	0	20	0	0	0	0	0	0	0	1	0	0	0	159	423	0	0	0	8	0	2
fsh-generated/resources/StructureDefinition-ereferral-service-request.json	23304	3	0	38	0	0	0	0	0	27	0	0	1	0	0	0	0	1	0	0	0	186	565	0	0	0	13	0	2
fsh-generated/resources/StructureDefinition-ereferral-task.json	12413	2	0	36	0	0	0	0	0	21	0	0	0	0	0	0	0	1	0	0	0	185	599	0	0	0	9	0	2
fsh-generated/resources/Task-ExampleERefTaskReceived.json	847	0	0	0	0	0	0	0	1	3	0	0	0	0	0	0	0	0	0	0	0	8	9	0	0	0	1	0	0
fsh-generated/resources/Task-ExampleERefTaskReferredOnward.json	1080	1	0	0	0	0	0	0	0	2	0	0	0	0	0	0	0	0	0	0	0	7	9	0	0	0	0	0	0
fsh-generated/resources/Task-ExampleERefTaskRejected.json	927	1	0	0	0	0	0	0	0	3	0	0	0	0	0	0	0	0	0	0	0	9	8	0	0	0	0	0	0
fsh-generated/resources/Task-ExampleERefTaskRequested.json	1001	0	0	0	0	0	0	0	0	4	0	0	0	0	0	0	0	0	0	0	0	7	8	0	0	1	0	0	0
fsh-generated/resources/ValueSet-ereferral-receiving-response.json	959	1	0	0	0	0	0	0	0	34	0	0	0	0	0	0	0	0	0	0	0	9	60	0	0	0	0	0	0
fsh-generated/resources/ValueSet-ereferral-relationship-type.json	1482	0	0	0	0	0	0	0	0	5	0	0	0	0	0	0	0	0	0	0	0	9	52	0	0	0	1	0	0
fsh-generated/resources/ValueSet-pwd-disability-type-vs.json	524	1	0	0	0	0	0	0	0	1	0	0	0	0	0	0	0	0	0	0	0	7	40	0	0	0	0	0	0
fsh-generated/resources/ValueSet-vs-practitioner-role.json	1700	0	0	0	0	0	0	0	1	118	0	0	0	0	0	0	0	0	0	0	0	10	117	0	0	0	0	0	0
fsh-generated/resources/ValueSet-vs-reason-for-referral-service-type.json	830	1	0	0	0	0	0	0	0	57	0	0	0	0	0	0	0	0	0	0	0	6	122	0	0	0	0	0	0
fsh-generated/resources/ValueSet-vs-referral-category.json	617	0	0	0	0	0	0	0	0	56	0	0	0	0	0	0	0	0	0	0	0	7	103	0	0	0	1	0	0
/input/includes/fragment-css.html	900	-	-	-	0	0	0	0	0	0	0	0	0	0	0	0	0	0	0	0	0	0	1	0	0	0	0	0	0
/input/includes/data-dictionary-table.md	11230	-	-	-	0	0	0	0	0	0	0	0	0	0	0	0	0	0	0	0	0	0	1	0	0	0	0	0	0
/fsh-generated/includes/menu.xml	2441	-	-	-	0	0	0	0	0	0	0	0	0	0	0	0	0	0	0	0	0	0	1	0	0	0	0	0	0
/fsh-generated/includes/fsh-link-references.md	4220	-	-	-	0	0	0	0	0	0	0	0	0	0	0	0	0	0	0	0	0	0	0	0	0	0	0	0	0
/input/pagecontent/v01-scope.md	3903	-	-	-	0	0	0	0	0	0	0	0	0	0	0	0	0	0	0	0	0	0	0	0	0	0	0	0	0
/input/pagecontent/logical-information-model.md	16059	-	-	-	0	0	0	0	0	0	0	0	0	0	0	0	0	0	0	0	0	0	1	0	0	0	0	0	0
/input/pagecontent/references.md	26024	-	-	-	0	0	0	0	0	0	0	0	0	0	0	0	0	0	0	0	0	0	2	0	0	0	0	0	0
/input/pagecontent/data-dictionary.md	4683	-	-	-	0	0	0	0	0	0	0	0	0	0	0	0	0	0	0	0	0	0	0	0	0	0	0	0	0
/input/pagecontent/StructureDefinition-ereferral-related-person-intro.md	1951	-	-	-	0	0	0	0	0	0	0	0	0	0	0	0	0	0	0	0	0	0	0	0	0	0	0	0	0
/input/pagecontent/who-smart-l1.md	12144	-	-	-	0	0	0	0	0	0	0	0	0	0	0	0	0	0	0	0	0	0	1	0	0	0	0	0	0
/input/pagecontent/connectathon-readiness.md	12364	-	-	-	0	0	0	0	0	0	0	0	0	0	0	0	0	0	0	0	0	0	1	0	0	0	0	0	0
/input/pagecontent/referral-workflow.md	9003	-	-	-	0	0	0	0	0	0	0	0	0	0	0	0	0	0	0	0	0	0	0	0	0	0	0	0	0
/input/pagecontent/StructureDefinition-ereferral-diagnostic-report-intro.md	1653	-	-	-	0	0	0	0	0	0	0	0	0	0	0	0	0	0	0	0	0	0	1	0	0	0	0	0	0
/input/pagecontent/index.md	8436	-	-	-	0	0	0	0	0	0	0	0	0	0	0	0	0	0	0	0	0	0	0	0	0	0	0	0	0
/input/pagecontent/StructureDefinition-ereferral-service-request-intro.md	11722	-	-	-	0	0	0	0	0	0	0	0	0	0	0	0	0	0	0	0	0	0	1	0	0	0	0	0	0
/input/pagecontent/coverage-map.md	4577	-	-	-	0	0	0	0	0	0	0	0	0	0	0	0	0	0	0	0	0	0	0	0	0	0	0	0	0
/input/pagecontent/decision-log.md	2695	-	-	-	0	0	0	0	0	0	0	0	0	0	0	0	0	0	0	0	0	0	0	0	0	0	0	0	0
/input/pagecontent/sample-case-ana-reyes.md	40193	-	-	-	0	0	0	0	0	0	0	0	0	0	0	0	0	0	0	0	0	0	2	0	0	0	0	0	0
/template/config	0	-	-	-	0	0	0	0	0	0	0	0	0	0	0	0	0	0	0	0	0	0	0	0	0	0	0	0	0
/template/config/_config.yml	140	-	-	-	0	0	0	0	0	0	0	0	0	0	0	0	0	0	0	0	0	0	0	0	0	0	0	0	0
/input/images	0	-	-	-	0	0	0	0	0	0	0	0	0	0	0	0	0	0	0	0	0	0	0	0	0	0	0	0	0
/input/images/data-dictionary.csv	11390	-	-	-	0	0	0	0	0	0	0	0	0	0	0	0	0	0	0	0	0	0	0	0	0	0	0	0	0
/input/images/peref-fhir-relationship-diagram.png	2016694	-	-	-	0	0	0	0	0	0	0	0	0	0	0	0	0	0	0	0	0	0	3	0	0	0	0	0	0
/input/images/references	0	-	-	-	0	0	0	0	0	0	0	0	0	0	0	0	0	0	0	0	0	0	0	0	0	0	0	0	0
/input/images/references/doh-ao-2020-0019.pdf	523031	-	-	-	0	0	0	0	0	0	0	0	0	0	0	0	0	0	0	0	0	0	1	0	0	0	0	0	0
/input/images/references/doh-ao-2020-0021.pdf	685790	-	-	-	0	0	0	0	0	0	0	0	0	0	0	0	0	0	0	0	0	0	0	0	0	0	0	0	0
/input/images/references/doh-philhealth-dict-jao-2021-0001.pdf	483511	-	-	-	0	0	0	0	0	0	0	0	0	0	0	0	0	0	0	0	0	0	1	0	0	0	0	0	0
/input/images/references/doh-ao-2020-0019-A.pdf	90514	-	-	-	0	0	0	0	0	0	0	0	0	0	0	0	0	0	0	0	0	0	0	0	0	0	0	0	0
/input/images/references/doh-ao-2020-0024.pdf	486710	-	-	-	0	0	0	0	0	0	0	0	0	0	0	0	0	0	0	0	0	0	0	0	0	0	0	0	0
/input/images/references/republic-act-11223.pdf	9482236	-	-	-	0	0	0	0	0	0	0	0	0	0	0	0	0	0	0	0	0	0	12	0	0	0	0	0	0
/input/images/references/doh-philhealth-jao-2021-0001.pdf	937066	-	-	-	0	0	0	0	0	0	0	0	0	0	0	0	0	0	0	0	0	0	1	0	0	0	0	0	0
/input/images/references-pages	0	-	-	-	0	0	0	0	0	0	0	0	0	0	0	0	0	0	0	0	0	0	0	0	0	0	0	0	0
/input/images/references-pages/doh-ao-2020-0019-A-page-01.png	110776	-	-	-	0	0	0	0	0	0	0	0	0	0	0	0	0	0	0	0	0	0	0	0	0	0	0	0	0
/input/images/references-pages/republic-act-11223-page-07.png	1111301	-	-	-	0	0	0	0	0	0	0	0	0	0	0	0	0	0	0	0	0	0	1	0	0	0	0	0	0
/input/images/references-pages/doh-philhealth-jao-2021-0001-page-03.png	173904	-	-	-	0	0	0	0	0	0	0	0	0	0	0	0	0	0	0	0	0	0	0	0	0	0	0	0	0
/input/images/references-pages/doh-ao-2020-0024-page-02.png	110640	-	-	-	0	0	0	0	0	0	0	0	0	0	0	0	0	0	0	0	0	0	1	0	0	0	0	0	0
/input/images/references-pages/doh-ao-2020-0021-page-12.png	107031	-	-	-	0	0	0	0	0	0	0	0	0	0	0	0	0	0	0	0	0	0	0	0	0	0	0	0	0
/input/images/references-pages/doh-philhealth-jao-2021-0001-page-09.png	185806	-	-	-	0	0	0	0	0	0	0	0	0	0	0	0	0	0	0	0	0	0	0	0	0	0	0	0	0
/input/images/references-pages/doh-philhealth-dict-jao-2021-0001-page-08.png	122594	-	-	-	0	0	0	0	0	0	0	0	0	0	0	0	0	0	0	0	0	0	0	0	0	0	0	0	0
/input/images/references-pages/doh-ao-2020-0019-page-06.png	85063	-	-	-	0	0	0	0	0	0	0	0	0	0	0	0	0	0	0	0	0	0	0	0	0	0	0	0	0
/input/images/references-pages/doh-ao-2020-0019-page-03.png	96792	-	-	-	0	0	0	0	0	0	0	0	0	0	0	0	0	0	0	0	0	0	0	0	0	0	0	0	0
/input/images/references-pages/doh-philhealth-jao-2021-0001-page-08.png	65522	-	-	-	0	0	0	0	0	0	0	0	0	0	0	0	0	0	0	0	0	0	0	0	0	0	0	0	0
/input/images/references-pages/republic-act-11223-page-04.png	1324934	-	-	-	0	0	0	0	0	0	0	0	0	0	0	0	0	0	0	0	0	0	2	0	0	0	0	0	0
/input/images/references-pages/doh-ao-2020-0021-page-06.png	99777	-	-	-	0	0	0	0	0	0	0	0	0	0	0	0	0	0	0	0	0	0	0	0	0	0	0	0	0
/input/images/references-pages/doh-ao-2020-0024-page-11.png	78204	-	-	-	0	0	0	0	0	0	0	0	0	0	0	0	0	0	0	0	0	0	0	0	0	0	0	0	0
/input/images/references-pages/republic-act-11223-page-18.png	573998	-	-	-	0	0	0	0	0	0	0	0	0	0	0	0	0	0	0	0	0	0	1	0	0	0	0	0	0
/input/images/references-pages/republic-act-11223-page-06.png	1377789	-	-	-	0	0	0	0	0	0	0	0	0	0	0	0	0	0	0	0	0	0	1	0	0	0	0	0	0
/input/images/references-pages/republic-act-11223-page-12.png	1221025	-	-	-	0	0	0	0	0	0	0	0	0	0	0	0	0	0	0	0	0	0	1	0	0	0	0	0	0
/input/images/references-pages/doh-ao-2020-0021-page-03.png	115666	-	-	-	0	0	0	0	0	0	0	0	0	0	0	0	0	0	0	0	0	0	0	0	0	0	0	0	0
/input/images/references-pages/doh-ao-2020-0019-page-08.png	78307	-	-	-	0	0	0	0	0	0	0	0	0	0	0	0	0	0	0	0	0	0	0	0	0	0	0	0	0
/input/images/references-pages/republic-act-11223-page-16.png	1372941	-	-	-	0	0	0	0	0	0	0	0	0	0	0	0	0	0	0	0	0	0	2	0	0	0	0	0	0
/input/images/references-pages/doh-ao-2020-0024-page-01.png	113449	-	-	-	0	0	0	0	0	0	0	0	0	0	0	0	0	0	0	0	0	0	0	0	0	0	0	0	0
/input/images/references-pages/doh-philhealth-dict-jao-2021-0001-page-02.png	136855	-	-	-	0	0	0	0	0	0	0	0	0	0	0	0	0	0	0	0	0	0	0	0	0	0	0	0	0
/input/images/references-pages/doh-philhealth-dict-jao-2021-0001-page-06.png	138350	-	-	-	0	0	0	0	0	0	0	0	0	0	0	0	0	0	0	0	0	0	0	0	0	0	0	0	0
/input/images/references-pages/doh-philhealth-dict-jao-2021-0001-page-04.png	130552	-	-	-	0	0	0	0	0	0	0	0	0	0	0	0	0	0	0	0	0	0	0	0	0	0	0	0	0
/input/images/references-pages/doh-ao-2020-0021-page-08.png	111083	-	-	-	0	0	0	0	0	0	0	0	0	0	0	0	0	0	0	0	0	0	0	0	0	0	0	0	0
/input/images/references-pages/doh-ao-2020-0024-page-09.png	91063	-	-	-	0	0	0	0	0	0	0	0	0	0	0	0	0	0	0	0	0	0	1	0	0	0	0	0	0
/input/images/references-pages/doh-ao-2020-0019-page-09.png	78291	-	-	-	0	0	0	0	0	0	0	0	0	0	0	0	0	0	0	0	0	0	0	0	0	0	0	0	0
/input/images/references-pages/doh-ao-2020-0024-page-05.png	107756	-	-	-	0	0	0	0	0	0	0	0	0	0	0	0	0	0	0	0	0	0	0	0	0	0	0	0	0
/input/images/references-pages/doh-ao-2020-0021-page-09.png	109551	-	-	-	0	0	0	0	0	0	0	0	0	0	0	0	0	0	0	0	0	0	0	0	0	0	0	0	0
/input/images/references-pages/doh-ao-2020-0021-page-01.png	139902	-	-	-	0	0	0	0	0	0	0	0	0	0	0	0	0	0	0	0	0	0	0	0	0	0	0	0	0
/input/images/references-pages/doh-ao-2020-0024-page-07.png	88785	-	-	-	0	0	0	0	0	0	0	0	0	0	0	0	0	0	0	0	0	0	0	0	0	0	0	0	0
/input/images/references-pages/republic-act-11223-page-15.png	1349653	-	-	-	0	0	0	0	0	0	0	0	0	0	0	0	0	0	0	0	0	0	2	0	0	0	0	0	0
/input/images/references-pages/doh-ao-2020-0019-page-07.png	94970	-	-	-	0	0	0	0	0	0	0	0	0	0	0	0	0	0	0	0	0	0	0	0	0	0	0	0	0
/input/images/references-pages/doh-ao-2020-0019-page-13.png	78281	-	-	-	0	0	0	0	0	0	0	0	0	0	0	0	0	0	0	0	0	0	0	0	0	0	0	0	0
/input/images/references-pages/republic-act-11223-page-03.png	1431578	-	-	-	0	0	0	0	0	0	0	0	0	0	0	0	0	0	0	0	0	0	1	0	0	0	0	0	0
/input/images/references-pages/doh-philhealth-jao-2021-0001-page-02.png	168989	-	-	-	0	0	0	0	0	0	0	0	0	0	0	0	0	0	0	0	0	0	1	0	0	0	0	0	0
/input/images/references-pages/doh-philhealth-jao-2021-0001-page-05.png	175461	-	-	-	0	0	0	0	0	0	0	0	0	0	0	0	0	0	0	0	0	0	0	0	0	0	0	0	0
/input/images/references-pages/doh-ao-2020-0021-page-05.png	93881	-	-	-	0	0	0	0	0	0	0	0	0	0	0	0	0	0	0	0	0	0	0	0	0	0	0	0	0
/input/images/references-pages/doh-ao-2020-0024-page-10.png	65914	-	-	-	0	0	0	0	0	0	0	0	0	0	0	0	0	0	0	0	0	0	0	0	0	0	0	0	0
/input/images/references-pages/republic-act-11223-page-14.png	1273180	-	-	-	0	0	0	0	0	0	0	0	0	0	0	0	0	0	0	0	0	0	1	0	0	0	0	0	0
/input/images/references-pages/republic-act-11223-page-05.png	1248413	-	-	-	0	0	0	0	0	0	0	0	0	0	0	0	0	0	0	0	0	0	2	0	0	0	0	0	0
/input/images/references-pages/republic-act-11223-page-01.png	455904	-	-	-	0	0	0	0	0	0	0	0	0	0	0	0	0	0	0	0	0	0	0	0	0	0	0	0	0
/input/images/references-pages/republic-act-11223-page-13.png	1358498	-	-	-	0	0	0	0	0	0	0	0	0	0	0	0	0	0	0	0	0	0	1	0	0	0	0	0	0
/input/images/references-pages/doh-ao-2020-0021-page-04.png	125657	-	-	-	0	0	0	0	0	0	0	0	0	0	0	0	0	0	0	0	0	0	1	0	0	0	0	0	0
/input/images/references-pages/doh-ao-2020-0019-page-05.png	105698	-	-	-	0	0	0	0	0	0	0	0	0	0	0	0	0	0	0	0	0	0	0	0	0	0	0	0	0
/input/images/references-pages/doh-philhealth-jao-2021-0001-page-12.png	73289	-	-	-	0	0	0	0	0	0	0	0	0	0	0	0	0	0	0	0	0	0	0	0	0	0	0	0	0
/input/images/references-pages/doh-ao-2020-0019-page-11.png	66911	-	-	-	0	0	0	0	0	0	0	0	0	0	0	0	0	0	0	0	0	0	0	0	0	0	0	0	0
/input/images/references-pages/doh-ao-2020-0021-page-07.png	121140	-	-	-	0	0	0	0	0	0	0	0	0	0	0	0	0	0	0	0	0	0	0	0	0	0	0	0	0
/input/images/references-pages/doh-philhealth-jao-2021-0001-page-06.png	174648	-	-	-	0	0	0	0	0	0	0	0	0	0	0	0	0	0	0	0	0	0	0	0	0	0	0	0	0
/input/images/references-pages/doh-ao-2020-0019-page-12.png	54795	-	-	-	0	0	0	0	0	0	0	0	0	0	0	0	0	0	0	0	0	0	0	0	0	0	0	0	0
/input/images/references-pages/doh-ao-2020-0019-page-14.png	41656	-	-	-	0	0	0	0	0	0	0	0	0	0	0	0	0	0	0	0	0	0	1	0	0	0	0	0	0
/input/images/references-pages/doh-ao-2020-0021-page-11.png	90809	-	-	-	0	0	0	0	0	0	0	0	0	0	0	0	0	0	0	0	0	0	0	0	0	0	0	0	0
/input/images/references-pages/doh-ao-2020-0021-page-14.png	97924	-	-	-	0	0	0	0	0	0	0	0	0	0	0	0	0	0	0	0	0	0	0	0	0	0	0	0	0
/input/images/references-pages/doh-ao-2020-0024-page-08.png	87789	-	-	-	0	0	0	0	0	0	0	0	0	0	0	0	0	0	0	0	0	0	0	0	0	0	0	0	0
/input/images/references-pages/doh-philhealth-dict-jao-2021-0001-page-07.png	129029	-	-	-	0	0	0	0	0	0	0	0	0	0	0	0	0	0	0	0	0	0	0	0	0	0	0	0	0
/input/images/references-pages/doh-ao-2020-0024-page-12.png	76803	-	-	-	0	0	0	0	0	0	0	0	0	0	0	0	0	0	0	0	0	0	0	0	0	0	0	0	0
/input/images/references-pages/doh-philhealth-jao-2021-0001-page-13.png	117063	-	-	-	0	0	0	0	0	0	0	0	0	0	0	0	0	0	0	0	0	0	1	0	0	0	0	0	0
/input/images/references-pages/doh-ao-2020-0021-page-10.png	92321	-	-	-	0	0	0	0	0	0	0	0	0	0	0	0	0	0	0	0	0	0	0	0	0	0	0	0	0
/input/images/references-pages/doh-ao-2020-0021-page-13.png	109345	-	-	-	0	0	0	0	0	0	0	0	0	0	0	0	0	0	0	0	0	0	0	0	0	0	0	0	0
/input/images/references-pages/doh-ao-2020-0019-page-02.png	109676	-	-	-	0	0	0	0	0	0	0	0	0	0	0	0	0	0	0	0	0	0	0	0	0	0	0	0	0
/input/images/references-pages/republic-act-11223-page-08.png	1383366	-	-	-	0	0	0	0	0	0	0	0	0	0	0	0	0	0	0	0	0	0	1	0	0	0	0	0	0
/input/images/references-pages/republic-act-11223-page-10.png	1353156	-	-	-	0	0	0	0	0	0	0	0	0	0	0	0	0	0	0	0	0	0	2	0	0	0	0	0	0
/input/images/references-pages/doh-ao-2020-0021-page-15.png	35387	-	-	-	0	0	0	0	0	0	0	0	0	0	0	0	0	0	0	0	0	0	0	0	0	0	0	0	0
/input/images/references-pages/doh-philhealth-dict-jao-2021-0001-page-05.png	135485	-	-	-	0	0	0	0	0	0	0	0	0	0	0	0	0	0	0	0	0	0	0	0	0	0	0	0	0
/input/images/references-pages/republic-act-11223-page-09.png	1212041	-	-	-	0	0	0	0	0	0	0	0	0	0	0	0	0	0	0	0	0	0	1	0	0	0	0	0	0
/input/images/references-pages/republic-act-11223-page-02.png	1004673	-	-	-	0	0	0	0	0	0	0	0	0	0	0	0	0	0	0	0	0	0	1	0	0	0	0	0	0
/input/images/references-pages/doh-ao-2020-0019-page-04.png	99289	-	-	-	0	0	0	0	0	0	0	0	0	0	0	0	0	0	0	0	0	0	0	0	0	0	0	0	0
/input/images/references-pages/doh-ao-2020-0019-page-01.png	142985	-	-	-	0	0	0	0	0	0	0	0	0	0	0	0	0	0	0	0	0	0	0	0	0	0	0	0	0
/input/images/references-pages/doh-ao-2020-0019-page-15.png	43110	-	-	-	0	0	0	0	0	0	0	0	0	0	0	0	0	0	0	0	0	0	1	0	0	0	0	0	0
/input/images/references-pages/doh-philhealth-jao-2021-0001-page-07.png	158163	-	-	-	0	0	0	0	0	0	0	0	0	0	0	0	0	0	0	0	0	0	0	0	0	0	0	0	0
/input/images/references-pages/doh-ao-2020-0019-page-10.png	27734	-	-	-	0	0	0	0	0	0	0	0	0	0	0	0	0	0	0	0	0	0	0	0	0	0	0	0	0
/input/images/references-pages/doh-philhealth-dict-jao-2021-0001-page-09.png	50759	-	-	-	0	0	0	0	0	0	0	0	0	0	0	0	0	0	0	0	0	0	0	0	0	0	0	0	0
/input/images/references-pages/doh-philhealth-dict-jao-2021-0001-page-03.png	139645	-	-	-	0	0	0	0	0	0	0	0	0	0	0	0	0	0	0	0	0	0	0	0	0	0	0	0	0
/input/images/references-pages/doh-philhealth-jao-2021-0001-page-04.png	166143	-	-	-	0	0	0	0	0	0	0	0	0	0	0	0	0	0	0	0	0	0	0	0	0	0	0	0	0
/input/images/references-pages/doh-ao-2020-0024-page-03.png	93970	-	-	-	0	0	0	0	0	0	0	0	0	0	0	0	0	0	0	0	0	0	1	0	0	0	0	0	0
/input/images/references-pages/doh-philhealth-jao-2021-0001-page-01.png	174638	-	-	-	0	0	0	0	0	0	0	0	0	0	0	0	0	0	0	0	0	0	0	0	0	0	0	0	0
/input/images/references-pages/republic-act-11223-page-17.png	1292104	-	-	-	0	0	0	0	0	0	0	0	0	0	0	0	0	0	0	0	0	0	1	0	0	0	0	0	0
/input/images/references-pages/doh-ao-2020-0024-page-04.png	104454	-	-	-	0	0	0	0	0	0	0	0	0	0	0	0	0	0	0	0	0	0	0	0	0	0	0	0	0
/input/images/references-pages/doh-philhealth-jao-2021-0001-page-14.png	89748	-	-	-	0	0	0	0	0	0	0	0	0	0	0	0	0	0	0	0	0	0	0	0	0	0	0	0	0
/input/images/references-pages/republic-act-11223-page-11.png	1178951	-	-	-	0	0	0	0	0	0	0	0	0	0	0	0	0	0	0	0	0	0	2	0	0	0	0	0	0
/input/images/references-pages/doh-philhealth-jao-2021-0001-page-11.png	167031	-	-	-	0	0	0	0	0	0	0	0	0	0	0	0	0	0	0	0	0	0	0	0	0	0	0	0	0
/input/images/references-pages/doh-philhealth-jao-2021-0001-page-10.png	127327	-	-	-	0	0	0	0	0	0	0	0	0	0	0	0	0	0	0	0	0	0	0	0	0	0	0	0	0
/input/images/references-pages/doh-ao-2020-0024-page-06.png	85974	-	-	-	0	0	0	0	0	0	0	0	0	0	0	0	0	0	0	0	0	0	0	0	0	0	0	0	0
/input/images/references-pages/doh-ao-2020-0021-page-02.png	119102	-	-	-	0	0	0	0	0	0	0	0	0	0	0	0	0	0	0	0	0	0	1	0	0	0	0	0	0
/input/images/references-pages/doh-philhealth-dict-jao-2021-0001-page-01.png	117100	-	-	-	0	0	0	0	0	0	0	0	0	0	0	0	0	0	0	0	0	0	0	0	0	0	0	0	0
/input/images/README.md	2509	-	-	-	0	0	0	0	0	0	0	0	0	0	0	0	0	0	0	0	0	0	0	0	0	0	0	0	0
/input/images/minimum-viable-workflow.png	43192	-	-	-	0	0	0	0	0	0	0	0	0	0	0	0	0	0	0	0	0	0	0	0	0	0	0	0	0
/temp/pages/_includes/artifacts.xml	38984	-	-	-	-	-	-	-	-	-	-	-	-	-	-	-	-	-	-	-	-	-	1	0	0	0	0	0	0
